event-id,visible,timestamp,location-long,location-lat,expanded-time,algorithm-marked-outlier,argos:altitude,argos:best-level,argos:calcul-freq,argos:error-radius,argos:gdop,argos:iq,argos:lat1,argos:lat2,argos:lc,argos:lon1,argos:lon2,argos:nb-mes,argos:nb-mes-120,argos:nopc,argos:orientation,argos:pass-duration,argos:semi-major,argos:semi-minor,argos:sensor-1,argos:sensor-2,argos:sensor-3,argos:sensor-4,argos:valid-location-algorithm,behavioural-classification,sensor-type,individual-taxon-canonical-name,tag-local-identifier,individual-local-identifier,study-name
679432252,TRUE,11:16.0,-28.46938423,38.34118024,5/15/2010 12:11,,,,,,,,,,,,,,,,,,,,,,,,,0,argos-doppler-shift,Balaenoptera physalus,89969,89969,Azores Great Whales Satellite Telemetry Program 
679432253,TRUE,10:47.0,-28.52600584,38.3684607,,,,,,,,,,,,,,,,,,,,,,,,,,0,argos-doppler-shift,Balaenoptera physalus,89969,89969,Azores Great Whales Satellite Telemetry Program 
679432254,TRUE,10:19.0,-28.68258993,38.38560209,,,,,,,,,,,,,,,,,,,,,,,,,,0,argos-doppler-shift,Balaenoptera physalus,89969,89969,Azores Great Whales Satellite Telemetry Program 
679432255,TRUE,09:50.0,-28.7090047,38.40715203,,,,,,,,,,,,,,,,,,,,,,,,,,0,argos-doppler-shift,Balaenoptera physalus,89969,89969,Azores Great Whales Satellite Telemetry Program 
679432256,TRUE,09:21.0,-28.72882217,38.42825943,,,,,,,,,,,,,,,,,,,,,,,,,,0,argos-doppler-shift,Balaenoptera physalus,89969,89969,Azores Great Whales Satellite Telemetry Program 
679432257,TRUE,08:52.0,-28.77705221,38.43102014,,,,,,,,,,,,,,,,,,,,,,,,,,0,argos-doppler-shift,Balaenoptera physalus,89969,89969,Azores Great Whales Satellite Telemetry Program 
679432258,TRUE,08:23.0,-28.92212789,38.53035972,,,,,,,,,,,,,,,,,,,,,,,,,,0,argos-doppler-shift,Balaenoptera physalus,89969,89969,Azores Great Whales Satellite Telemetry Program 
679432259,TRUE,07:55.0,-29.02617835,38.65342441,,,,,,,,,,,,,,,,,,,,,,,,,,0,argos-doppler-shift,Balaenoptera physalus,89969,89969,Azores Great Whales Satellite Telemetry Program 
679432260,TRUE,07:26.0,-29.15548715,38.7926793,,,,,,,,,,,,,,,,,,,,,,,,,,0,argos-doppler-shift,Balaenoptera physalus,89969,89969,Azores Great Whales Satellite Telemetry Program 
679432261,TRUE,06:57.0,-29.18844407,39.01339927,,,,,,,,,,,,,,,,,,,,,,,,,,0,argos-doppler-shift,Balaenoptera physalus,89969,89969,Azores Great Whales Satellite Telemetry Program 
679432262,TRUE,06:28.0,-29.22721724,39.1786643,,,,,,,,,,,,,,,,,,,,,,,,,,0,argos-doppler-shift,Balaenoptera physalus,89969,89969,Azores Great Whales Satellite Telemetry Program 
679432263,TRUE,05:59.0,-29.22995239,39.3692207,,,,,,,,,,,,,,,,,,,,,,,,,,0,argos-doppler-shift,Balaenoptera physalus,89969,89969,Azores Great Whales Satellite Telemetry Program 
679432264,TRUE,05:31.0,-29.03212794,39.54622985,,,,,,,,,,,,,,,,,,,,,,,,,,0,argos-doppler-shift,Balaenoptera physalus,89969,89969,Azores Great Whales Satellite Telemetry Program 
679432265,TRUE,05:02.0,-28.81192848,39.78412867,,,,,,,,,,,,,,,,,,,,,,,,,,0,argos-doppler-shift,Balaenoptera physalus,89969,89969,Azores Great Whales Satellite Telemetry Program 
679432266,TRUE,04:33.0,-28.60840013,39.96702959,,,,,,,,,,,,,,,,,,,,,,,,,,0,argos-doppler-shift,Balaenoptera physalus,89969,89969,Azores Great Whales Satellite Telemetry Program 
679432267,TRUE,04:04.0,-28.27179597,40.01129492,,,,,,,,,,,,,,,,,,,,,,,,,,0,argos-doppler-shift,Balaenoptera physalus,89969,89969,Azores Great Whales Satellite Telemetry Program 
679432268,TRUE,03:35.0,-27.89113135,40.0730529,,,,,,,,,,,,,,,,,,,,,,,,,,0,argos-doppler-shift,Balaenoptera physalus,89969,89969,Azores Great Whales Satellite Telemetry Program 
679432269,TRUE,03:07.0,-27.71385791,40.15807406,,,,,,,,,,,,,,,,,,,,,,,,,,0,argos-doppler-shift,Balaenoptera physalus,89969,89969,Azores Great Whales Satellite Telemetry Program 
679432270,TRUE,02:38.0,-27.63904637,40.26069935,,,,,,,,,,,,,,,,,,,,,,,,,,0,argos-doppler-shift,Balaenoptera physalus,89969,89969,Azores Great Whales Satellite Telemetry Program 
679432271,TRUE,02:09.0,-27.75267289,40.36004343,,,,,,,,,,,,,,,,,,,,,,,,,,0,argos-doppler-shift,Balaenoptera physalus,89969,89969,Azores Great Whales Satellite Telemetry Program 
679432272,TRUE,01:40.0,-27.88572481,40.42272172,,,,,,,,,,,,,,,,,,,,,,,,,,0,argos-doppler-shift,Balaenoptera physalus,89969,89969,Azores Great Whales Satellite Telemetry Program 
679432273,TRUE,01:11.0,-27.99754696,40.45958308,,,,,,,,,,,,,,,,,,,,,,,,,,0,argos-doppler-shift,Balaenoptera physalus,89969,89969,Azores Great Whales Satellite Telemetry Program 
679432274,TRUE,00:43.0,-28.09434339,40.5583134,,,,,,,,,,,,,,,,,,,,,,,,,,0,argos-doppler-shift,Balaenoptera physalus,89969,89969,Azores Great Whales Satellite Telemetry Program 
679432275,TRUE,00:14.0,-28.0953903,40.64896517,,,,,,,,,,,,,,,,,,,,,,,,,,0,argos-doppler-shift,Balaenoptera physalus,89969,89969,Azores Great Whales Satellite Telemetry Program 
679432276,TRUE,59:45.0,-28.03342841,40.74431804,,,,,,,,,,,,,,,,,,,,,,,,,,0,argos-doppler-shift,Balaenoptera physalus,89969,89969,Azores Great Whales Satellite Telemetry Program 
679432277,TRUE,59:16.0,-27.96572388,40.9038518,,,,,,,,,,,,,,,,,,,,,,,,,,0,argos-doppler-shift,Balaenoptera physalus,89969,89969,Azores Great Whales Satellite Telemetry Program 
679432278,TRUE,58:47.0,-27.94088604,41.11161382,,,,,,,,,,,,,,,,,,,,,,,,,,0,argos-doppler-shift,Balaenoptera physalus,89969,89969,Azores Great Whales Satellite Telemetry Program 
679432279,TRUE,58:19.0,-27.98118531,41.32706938,,,,,,,,,,,,,,,,,,,,,,,,,,0,argos-doppler-shift,Balaenoptera physalus,89969,89969,Azores Great Whales Satellite Telemetry Program 
679432280,TRUE,57:50.0,-27.95841059,41.50496622,,,,,,,,,,,,,,,,,,,,,,,,,,0,argos-doppler-shift,Balaenoptera physalus,89969,89969,Azores Great Whales Satellite Telemetry Program 
679432281,TRUE,57:21.0,-28.0044164,41.58138004,,,,,,,,,,,,,,,,,,,,,,,,,,0,argos-doppler-shift,Balaenoptera physalus,89969,89969,Azores Great Whales Satellite Telemetry Program 
679432282,TRUE,56:52.0,-28.03907581,41.69593727,,,,,,,,,,,,,,,,,,,,,,,,,,0,argos-doppler-shift,Balaenoptera physalus,89969,89969,Azores Great Whales Satellite Telemetry Program 
679432283,TRUE,56:23.0,-28.0263476,41.75665931,,,,,,,,,,,,,,,,,,,,,,,,,,0,argos-doppler-shift,Balaenoptera physalus,89969,89969,Azores Great Whales Satellite Telemetry Program 
679432284,TRUE,55:55.0,-28.0586029,41.81225593,,,,,,,,,,,,,,,,,,,,,,,,,,0,argos-doppler-shift,Balaenoptera physalus,89969,89969,Azores Great Whales Satellite Telemetry Program 
679432285,TRUE,55:26.0,-28.11190506,41.85672994,,,,,,,,,,,,,,,,,,,,,,,,,,0,argos-doppler-shift,Balaenoptera physalus,89969,89969,Azores Great Whales Satellite Telemetry Program 
679432286,TRUE,54:57.0,-28.13815621,41.99862718,,,,,,,,,,,,,,,,,,,,,,,,,,0,argos-doppler-shift,Balaenoptera physalus,89969,89969,Azores Great Whales Satellite Telemetry Program 
679432287,TRUE,54:28.0,-28.11901482,42.10784478,,,,,,,,,,,,,,,,,,,,,,,,,,0,argos-doppler-shift,Balaenoptera physalus,89969,89969,Azores Great Whales Satellite Telemetry Program 
679432288,TRUE,53:59.0,-28.15744641,42.23670419,,,,,,,,,,,,,,,,,,,,,,,,,,0,argos-doppler-shift,Balaenoptera physalus,89969,89969,Azores Great Whales Satellite Telemetry Program 
679432289,TRUE,53:31.0,-28.14895044,42.39251144,,,,,,,,,,,,,,,,,,,,,,,,,,0,argos-doppler-shift,Balaenoptera physalus,89969,89969,Azores Great Whales Satellite Telemetry Program 
679432290,TRUE,53:02.0,-28.23867243,42.59721636,,,,,,,,,,,,,,,,,,,,,,,,,,0,argos-doppler-shift,Balaenoptera physalus,89969,89969,Azores Great Whales Satellite Telemetry Program 
679432291,TRUE,52:33.0,-28.29905001,42.73400495,,,,,,,,,,,,,,,,,,,,,,,,,,0,argos-doppler-shift,Balaenoptera physalus,89969,89969,Azores Great Whales Satellite Telemetry Program 
679432292,TRUE,52:04.0,-28.40592924,42.80093471,,,,,,,,,,,,,,,,,,,,,,,,,,0,argos-doppler-shift,Balaenoptera physalus,89969,89969,Azores Great Whales Satellite Telemetry Program 
679432293,TRUE,51:35.0,-28.44823206,42.89404005,,,,,,,,,,,,,,,,,,,,,,,,,,0,argos-doppler-shift,Balaenoptera physalus,89969,89969,Azores Great Whales Satellite Telemetry Program 
679432294,TRUE,51:07.0,-28.48875768,42.9825161,,,,,,,,,,,,,,,,,,,,,,,,,,0,argos-doppler-shift,Balaenoptera physalus,89969,89969,Azores Great Whales Satellite Telemetry Program 
679432295,TRUE,50:38.0,-28.51487621,43.03728103,,,,,,,,,,,,,,,,,,,,,,,,,,0,argos-doppler-shift,Balaenoptera physalus,89969,89969,Azores Great Whales Satellite Telemetry Program 
679432296,TRUE,50:09.0,-28.55218955,43.07573365,,,,,,,,,,,,,,,,,,,,,,,,,,0,argos-doppler-shift,Balaenoptera physalus,89969,89969,Azores Great Whales Satellite Telemetry Program 
679432297,TRUE,49:40.0,-28.61586892,43.12146062,,,,,,,,,,,,,,,,,,,,,,,,,,0,argos-doppler-shift,Balaenoptera physalus,89969,89969,Azores Great Whales Satellite Telemetry Program 
679432298,TRUE,49:11.0,-28.6685521,43.15347237,,,,,,,,,,,,,,,,,,,,,,,,,,0,argos-doppler-shift,Balaenoptera physalus,89969,89969,Azores Great Whales Satellite Telemetry Program 
679432299,TRUE,48:43.0,-28.74404794,43.22159708,,,,,,,,,,,,,,,,,,,,,,,,,,0,argos-doppler-shift,Balaenoptera physalus,89969,89969,Azores Great Whales Satellite Telemetry Program 
679432300,TRUE,48:14.0,-28.79314029,43.27965398,,,,,,,,,,,,,,,,,,,,,,,,,,0,argos-doppler-shift,Balaenoptera physalus,89969,89969,Azores Great Whales Satellite Telemetry Program 
679432301,TRUE,47:45.0,-28.80589998,43.37513234,,,,,,,,,,,,,,,,,,,,,,,,,,0,argos-doppler-shift,Balaenoptera physalus,89969,89969,Azores Great Whales Satellite Telemetry Program 
679432302,TRUE,47:16.0,-28.85082421,43.46980836,,,,,,,,,,,,,,,,,,,,,,,,,,0,argos-doppler-shift,Balaenoptera physalus,89969,89969,Azores Great Whales Satellite Telemetry Program 
679432303,TRUE,46:47.0,-28.86939752,43.53815828,,,,,,,,,,,,,,,,,,,,,,,,,,0,argos-doppler-shift,Balaenoptera physalus,89969,89969,Azores Great Whales Satellite Telemetry Program 
679432304,TRUE,46:19.0,-28.93650718,43.59524167,,,,,,,,,,,,,,,,,,,,,,,,,,0,argos-doppler-shift,Balaenoptera physalus,89969,89969,Azores Great Whales Satellite Telemetry Program 
679432305,TRUE,45:50.0,-28.98880151,43.62771396,,,,,,,,,,,,,,,,,,,,,,,,,,0,argos-doppler-shift,Balaenoptera physalus,89969,89969,Azores Great Whales Satellite Telemetry Program 
679432306,TRUE,45:21.0,-29.03636416,43.67869844,,,,,,,,,,,,,,,,,,,,,,,,,,0,argos-doppler-shift,Balaenoptera physalus,89969,89969,Azores Great Whales Satellite Telemetry Program 
679432307,TRUE,44:52.0,-29.09599184,43.74096272,,,,,,,,,,,,,,,,,,,,,,,,,,0,argos-doppler-shift,Balaenoptera physalus,89969,89969,Azores Great Whales Satellite Telemetry Program 
679432308,TRUE,44:23.0,-29.18423111,43.80914429,,,,,,,,,,,,,,,,,,,,,,,,,,0,argos-doppler-shift,Balaenoptera physalus,89969,89969,Azores Great Whales Satellite Telemetry Program 
679432309,TRUE,43:55.0,-29.24769175,43.87228953,,,,,,,,,,,,,,,,,,,,,,,,,,0,argos-doppler-shift,Balaenoptera physalus,89969,89969,Azores Great Whales Satellite Telemetry Program 
679432310,TRUE,43:26.0,-29.31300852,43.94546763,,,,,,,,,,,,,,,,,,,,,,,,,,0,argos-doppler-shift,Balaenoptera physalus,89969,89969,Azores Great Whales Satellite Telemetry Program 
679432311,TRUE,42:57.0,-29.36221116,44.01355334,,,,,,,,,,,,,,,,,,,,,,,,,,0,argos-doppler-shift,Balaenoptera physalus,89969,89969,Azores Great Whales Satellite Telemetry Program 
679432312,TRUE,42:28.0,-29.40612634,44.07196789,,,,,,,,,,,,,,,,,,,,,,,,,,0,argos-doppler-shift,Balaenoptera physalus,89969,89969,Azores Great Whales Satellite Telemetry Program 
679432313,TRUE,41:59.0,-29.47609194,44.14909269,,,,,,,,,,,,,,,,,,,,,,,,,,0,argos-doppler-shift,Balaenoptera physalus,89969,89969,Azores Great Whales Satellite Telemetry Program 
679432314,TRUE,41:31.0,-29.57480798,44.21806231,,,,,,,,,,,,,,,,,,,,,,,,,,0,argos-doppler-shift,Balaenoptera physalus,89969,89969,Azores Great Whales Satellite Telemetry Program 
679432315,TRUE,41:02.0,-29.70705702,44.30839076,,,,,,,,,,,,,,,,,,,,,,,,,,0,argos-doppler-shift,Balaenoptera physalus,89969,89969,Azores Great Whales Satellite Telemetry Program 
679432316,TRUE,40:33.0,-29.79692622,44.38421064,,,,,,,,,,,,,,,,,,,,,,,,,,0,argos-doppler-shift,Balaenoptera physalus,89969,89969,Azores Great Whales Satellite Telemetry Program 
679432317,TRUE,40:04.0,-29.92979127,44.48785092,,,,,,,,,,,,,,,,,,,,,,,,,,0,argos-doppler-shift,Balaenoptera physalus,89969,89969,Azores Great Whales Satellite Telemetry Program 
679432318,TRUE,39:35.0,-30.07287122,44.59344187,,,,,,,,,,,,,,,,,,,,,,,,,,0,argos-doppler-shift,Balaenoptera physalus,89969,89969,Azores Great Whales Satellite Telemetry Program 
679432319,TRUE,39:07.0,-30.15021041,44.65199991,,,,,,,,,,,,,,,,,,,,,,,,,,0,argos-doppler-shift,Balaenoptera physalus,89969,89969,Azores Great Whales Satellite Telemetry Program 
679432320,TRUE,38:38.0,-30.26962969,44.72691503,,,,,,,,,,,,,,,,,,,,,,,,,,0,argos-doppler-shift,Balaenoptera physalus,89969,89969,Azores Great Whales Satellite Telemetry Program 
679432321,TRUE,38:09.0,-30.39592303,44.78568947,,,,,,,,,,,,,,,,,,,,,,,,,,0,argos-doppler-shift,Balaenoptera physalus,89969,89969,Azores Great Whales Satellite Telemetry Program 
679432322,TRUE,37:40.0,-30.48782261,44.83768691,,,,,,,,,,,,,,,,,,,,,,,,,,0,argos-doppler-shift,Balaenoptera physalus,89969,89969,Azores Great Whales Satellite Telemetry Program 
679432323,TRUE,37:11.0,-30.61417643,44.93664748,,,,,,,,,,,,,,,,,,,,,,,,,,0,argos-doppler-shift,Balaenoptera physalus,89969,89969,Azores Great Whales Satellite Telemetry Program 
679432324,TRUE,36:43.0,-30.76929844,45.01366132,,,,,,,,,,,,,,,,,,,,,,,,,,0,argos-doppler-shift,Balaenoptera physalus,89969,89969,Azores Great Whales Satellite Telemetry Program 
679432325,TRUE,36:14.0,-30.89763899,45.08833787,,,,,,,,,,,,,,,,,,,,,,,,,,0,argos-doppler-shift,Balaenoptera physalus,89969,89969,Azores Great Whales Satellite Telemetry Program 
679432326,TRUE,35:45.0,-31.00331652,45.16768812,,,,,,,,,,,,,,,,,,,,,,,,,,0,argos-doppler-shift,Balaenoptera physalus,89969,89969,Azores Great Whales Satellite Telemetry Program 
679432327,TRUE,35:16.0,-31.03398562,45.26089552,,,,,,,,,,,,,,,,,,,,,,,,,,0,argos-doppler-shift,Balaenoptera physalus,89969,89969,Azores Great Whales Satellite Telemetry Program 
679432328,TRUE,34:47.0,-31.08680022,45.35009828,,,,,,,,,,,,,,,,,,,,,,,,,,0,argos-doppler-shift,Balaenoptera physalus,89969,89969,Azores Great Whales Satellite Telemetry Program 
679432329,TRUE,34:19.0,-31.14715748,45.45983669,,,,,,,,,,,,,,,,,,,,,,,,,,0,argos-doppler-shift,Balaenoptera physalus,89969,89969,Azores Great Whales Satellite Telemetry Program 
679432330,TRUE,33:50.0,-31.194717,45.53718588,,,,,,,,,,,,,,,,,,,,,,,,,,0,argos-doppler-shift,Balaenoptera physalus,89969,89969,Azores Great Whales Satellite Telemetry Program 
679432331,TRUE,33:21.0,-31.24508769,45.61178396,,,,,,,,,,,,,,,,,,,,,,,,,,0,argos-doppler-shift,Balaenoptera physalus,89969,89969,Azores Great Whales Satellite Telemetry Program 
679432332,TRUE,32:52.0,-31.30044706,45.69903379,,,,,,,,,,,,,,,,,,,,,,,,,,0,argos-doppler-shift,Balaenoptera physalus,89969,89969,Azores Great Whales Satellite Telemetry Program 
679432333,TRUE,32:23.0,-31.40904201,45.7923375,,,,,,,,,,,,,,,,,,,,,,,,,,0,argos-doppler-shift,Balaenoptera physalus,89969,89969,Azores Great Whales Satellite Telemetry Program 
679432334,TRUE,31:55.0,-31.49789998,45.87972095,,,,,,,,,,,,,,,,,,,,,,,,,,0,argos-doppler-shift,Balaenoptera physalus,89969,89969,Azores Great Whales Satellite Telemetry Program 
679432335,TRUE,31:26.0,-31.56334225,45.96264053,,,,,,,,,,,,,,,,,,,,,,,,,,0,argos-doppler-shift,Balaenoptera physalus,89969,89969,Azores Great Whales Satellite Telemetry Program 
679432336,TRUE,30:57.0,-31.64862766,46.07748471,,,,,,,,,,,,,,,,,,,,,,,,,,0,argos-doppler-shift,Balaenoptera physalus,89969,89969,Azores Great Whales Satellite Telemetry Program 
679432337,TRUE,30:28.0,-31.70371242,46.18530826,,,,,,,,,,,,,,,,,,,,,,,,,,0,argos-doppler-shift,Balaenoptera physalus,89969,89969,Azores Great Whales Satellite Telemetry Program 
679432338,TRUE,29:59.0,-31.79349187,46.30543401,,,,,,,,,,,,,,,,,,,,,,,,,,0,argos-doppler-shift,Balaenoptera physalus,89969,89969,Azores Great Whales Satellite Telemetry Program 
679432339,TRUE,29:31.0,-31.81447022,46.39776206,,,,,,,,,,,,,,,,,,,,,,,,,,0,argos-doppler-shift,Balaenoptera physalus,89969,89969,Azores Great Whales Satellite Telemetry Program 
679432340,TRUE,29:02.0,-31.85761608,46.5051039,,,,,,,,,,,,,,,,,,,,,,,,,,0,argos-doppler-shift,Balaenoptera physalus,89969,89969,Azores Great Whales Satellite Telemetry Program 
679432341,TRUE,28:33.0,-31.93078345,46.61254004,,,,,,,,,,,,,,,,,,,,,,,,,,0,argos-doppler-shift,Balaenoptera physalus,89969,89969,Azores Great Whales Satellite Telemetry Program 
679432342,TRUE,28:04.0,-31.91164009,46.77014978,,,,,,,,,,,,,,,,,,,,,,,,,,0,argos-doppler-shift,Balaenoptera physalus,89969,89969,Azores Great Whales Satellite Telemetry Program 
679432343,TRUE,27:35.0,-32.02755136,46.88270533,,,,,,,,,,,,,,,,,,,,,,,,,,0,argos-doppler-shift,Balaenoptera physalus,89969,89969,Azores Great Whales Satellite Telemetry Program 
679432344,TRUE,27:07.0,-32.13240513,47.01783566,,,,,,,,,,,,,,,,,,,,,,,,,,0,argos-doppler-shift,Balaenoptera physalus,89969,89969,Azores Great Whales Satellite Telemetry Program 
679432345,TRUE,26:38.0,-32.21323851,47.22834484,,,,,,,,,,,,,,,,,,,,,,,,,,0,argos-doppler-shift,Balaenoptera physalus,89969,89969,Azores Great Whales Satellite Telemetry Program 
679432346,TRUE,26:09.0,-32.21801397,47.41645873,,,,,,,,,,,,,,,,,,,,,,,,,,0,argos-doppler-shift,Balaenoptera physalus,89969,89969,Azores Great Whales Satellite Telemetry Program 
679432347,TRUE,25:40.0,-32.27894374,47.50823276,,,,,,,,,,,,,,,,,,,,,,,,,,0,argos-doppler-shift,Balaenoptera physalus,89969,89969,Azores Great Whales Satellite Telemetry Program 
679432348,TRUE,25:11.0,-32.38240895,47.5984502,,,,,,,,,,,,,,,,,,,,,,,,,,0,argos-doppler-shift,Balaenoptera physalus,89969,89969,Azores Great Whales Satellite Telemetry Program 
679432349,TRUE,24:43.0,-32.49974677,47.65581663,,,,,,,,,,,,,,,,,,,,,,,,,,0,argos-doppler-shift,Balaenoptera physalus,89969,89969,Azores Great Whales Satellite Telemetry Program 
679432350,TRUE,24:14.0,-32.53185957,47.70872882,,,,,,,,,,,,,,,,,,,,,,,,,,0,argos-doppler-shift,Balaenoptera physalus,89969,89969,Azores Great Whales Satellite Telemetry Program 
679432351,TRUE,23:45.0,-32.62325502,47.80966795,,,,,,,,,,,,,,,,,,,,,,,,,,0,argos-doppler-shift,Balaenoptera physalus,89969,89969,Azores Great Whales Satellite Telemetry Program 
679432352,TRUE,23:16.0,-32.73297486,47.88910008,,,,,,,,,,,,,,,,,,,,,,,,,,0,argos-doppler-shift,Balaenoptera physalus,89969,89969,Azores Great Whales Satellite Telemetry Program 
679432353,TRUE,22:47.0,-32.75833448,47.94218752,,,,,,,,,,,,,,,,,,,,,,,,,,0,argos-doppler-shift,Balaenoptera physalus,89969,89969,Azores Great Whales Satellite Telemetry Program 
679432354,TRUE,22:19.0,-32.71064614,48.02410139,,,,,,,,,,,,,,,,,,,,,,,,,,0,argos-doppler-shift,Balaenoptera physalus,89969,89969,Azores Great Whales Satellite Telemetry Program 
679432355,TRUE,21:50.0,-32.66060876,48.13024376,,,,,,,,,,,,,,,,,,,,,,,,,,0,argos-doppler-shift,Balaenoptera physalus,89969,89969,Azores Great Whales Satellite Telemetry Program 
679432356,TRUE,21:21.0,-32.69014815,48.2733648,,,,,,,,,,,,,,,,,,,,,,,,,,0,argos-doppler-shift,Balaenoptera physalus,89969,89969,Azores Great Whales Satellite Telemetry Program 
679432357,TRUE,20:52.0,-32.78751896,48.45195654,,,,,,,,,,,,,,,,,,,,,,,,,,0,argos-doppler-shift,Balaenoptera physalus,89969,89969,Azores Great Whales Satellite Telemetry Program 
679432358,TRUE,20:23.0,-32.82526908,48.59725343,,,,,,,,,,,,,,,,,,,,,,,,,,0,argos-doppler-shift,Balaenoptera physalus,89969,89969,Azores Great Whales Satellite Telemetry Program 
679432359,TRUE,19:55.0,-32.84086403,48.71362314,,,,,,,,,,,,,,,,,,,,,,,,,,0,argos-doppler-shift,Balaenoptera physalus,89969,89969,Azores Great Whales Satellite Telemetry Program 
679432360,TRUE,19:26.0,-32.89122662,48.85470251,,,,,,,,,,,,,,,,,,,,,,,,,,0,argos-doppler-shift,Balaenoptera physalus,89969,89969,Azores Great Whales Satellite Telemetry Program 
679432361,TRUE,18:57.0,-32.92232375,49.02691686,,,,,,,,,,,,,,,,,,,,,,,,,,0,argos-doppler-shift,Balaenoptera physalus,89969,89969,Azores Great Whales Satellite Telemetry Program 
679432362,TRUE,18:28.0,-32.91185175,49.25817934,,,,,,,,,,,,,,,,,,,,,,,,,,0,argos-doppler-shift,Balaenoptera physalus,89969,89969,Azores Great Whales Satellite Telemetry Program 
679432363,TRUE,17:59.0,-32.89077166,49.52020593,,,,,,,,,,,,,,,,,,,,,,,,,,0,argos-doppler-shift,Balaenoptera physalus,89969,89969,Azores Great Whales Satellite Telemetry Program 
679432364,TRUE,17:31.0,-32.90454199,49.71833631,,,,,,,,,,,,,,,,,,,,,,,,,,0,argos-doppler-shift,Balaenoptera physalus,89969,89969,Azores Great Whales Satellite Telemetry Program 
679432365,TRUE,17:02.0,-32.90245468,49.90100337,,,,,,,,,,,,,,,,,,,,,,,,,,0,argos-doppler-shift,Balaenoptera physalus,89969,89969,Azores Great Whales Satellite Telemetry Program 
679432366,TRUE,16:33.0,-32.97440329,49.97526345,,,,,,,,,,,,,,,,,,,,,,,,,,0,argos-doppler-shift,Balaenoptera physalus,89969,89969,Azores Great Whales Satellite Telemetry Program 
679432367,TRUE,16:04.0,-33.0226256,50.0960322,,,,,,,,,,,,,,,,,,,,,,,,,,0,argos-doppler-shift,Balaenoptera physalus,89969,89969,Azores Great Whales Satellite Telemetry Program 
679432368,TRUE,15:35.0,-33.14556636,50.22847076,,,,,,,,,,,,,,,,,,,,,,,,,,0,argos-doppler-shift,Balaenoptera physalus,89969,89969,Azores Great Whales Satellite Telemetry Program 
679432369,TRUE,15:07.0,-33.26504412,50.40756291,,,,,,,,,,,,,,,,,,,,,,,,,,0,argos-doppler-shift,Balaenoptera physalus,89969,89969,Azores Great Whales Satellite Telemetry Program 
679432370,TRUE,14:38.0,-33.33241735,50.62115812,,,,,,,,,,,,,,,,,,,,,,,,,,0,argos-doppler-shift,Balaenoptera physalus,89969,89969,Azores Great Whales Satellite Telemetry Program 
679432371,TRUE,14:09.0,-33.43329159,50.81828682,,,,,,,,,,,,,,,,,,,,,,,,,,0,argos-doppler-shift,Balaenoptera physalus,89969,89969,Azores Great Whales Satellite Telemetry Program 
679432372,TRUE,13:40.0,-33.54429649,51.0078134,,,,,,,,,,,,,,,,,,,,,,,,,,0,argos-doppler-shift,Balaenoptera physalus,89969,89969,Azores Great Whales Satellite Telemetry Program 
679432373,TRUE,13:11.0,-33.66730251,51.20516899,,,,,,,,,,,,,,,,,,,,,,,,,,0,argos-doppler-shift,Balaenoptera physalus,89969,89969,Azores Great Whales Satellite Telemetry Program 
679432374,TRUE,12:43.0,-33.72110252,51.43546825,,,,,,,,,,,,,,,,,,,,,,,,,,0,argos-doppler-shift,Balaenoptera physalus,89969,89969,Azores Great Whales Satellite Telemetry Program 
679432375,TRUE,12:14.0,-33.80163421,51.54076339,,,,,,,,,,,,,,,,,,,,,,,,,,0,argos-doppler-shift,Balaenoptera physalus,89969,89969,Azores Great Whales Satellite Telemetry Program 
679432376,TRUE,11:45.0,-33.80393327,51.71105,,,,,,,,,,,,,,,,,,,,,,,,,,0,argos-doppler-shift,Balaenoptera physalus,89969,89969,Azores Great Whales Satellite Telemetry Program 
679432377,TRUE,11:16.0,-33.84702971,51.81299405,,,,,,,,,,,,,,,,,,,,,,,,,,0,argos-doppler-shift,Balaenoptera physalus,89969,89969,Azores Great Whales Satellite Telemetry Program 
679432378,TRUE,10:47.0,-33.79665485,51.90908963,,,,,,,,,,,,,,,,,,,,,,,,,,0,argos-doppler-shift,Balaenoptera physalus,89969,89969,Azores Great Whales Satellite Telemetry Program 
679432379,TRUE,10:19.0,-33.89482379,51.97770576,,,,,,,,,,,,,,,,,,,,,,,,,,0,argos-doppler-shift,Balaenoptera physalus,89969,89969,Azores Great Whales Satellite Telemetry Program 
679432380,TRUE,09:50.0,-34.02009575,52.06247052,,,,,,,,,,,,,,,,,,,,,,,,,,0,argos-doppler-shift,Balaenoptera physalus,89969,89969,Azores Great Whales Satellite Telemetry Program 
679432381,TRUE,09:21.0,-34.09668793,52.15172885,,,,,,,,,,,,,,,,,,,,,,,,,,0,argos-doppler-shift,Balaenoptera physalus,89969,89969,Azores Great Whales Satellite Telemetry Program 
679432382,TRUE,08:52.0,-34.2257137,52.25289633,,,,,,,,,,,,,,,,,,,,,,,,,,0,argos-doppler-shift,Balaenoptera physalus,89969,89969,Azores Great Whales Satellite Telemetry Program 
679432383,TRUE,08:23.0,-34.33914119,52.37838508,,,,,,,,,,,,,,,,,,,,,,,,,,0,argos-doppler-shift,Balaenoptera physalus,89969,89969,Azores Great Whales Satellite Telemetry Program 
679432384,TRUE,07:55.0,-34.44228605,52.48402722,,,,,,,,,,,,,,,,,,,,,,,,,,0,argos-doppler-shift,Balaenoptera physalus,89969,89969,Azores Great Whales Satellite Telemetry Program 
679432385,TRUE,07:26.0,-34.57600833,52.61607667,,,,,,,,,,,,,,,,,,,,,,,,,,0,argos-doppler-shift,Balaenoptera physalus,89969,89969,Azores Great Whales Satellite Telemetry Program 
679432386,TRUE,06:57.0,-34.73330195,52.72736692,,,,,,,,,,,,,,,,,,,,,,,,,,0,argos-doppler-shift,Balaenoptera physalus,89969,89969,Azores Great Whales Satellite Telemetry Program 
679432387,TRUE,06:28.0,-34.97713402,52.89424111,,,,,,,,,,,,,,,,,,,,,,,,,,0,argos-doppler-shift,Balaenoptera physalus,89969,89969,Azores Great Whales Satellite Telemetry Program 
679432388,TRUE,05:59.0,-35.18682658,53.02763635,,,,,,,,,,,,,,,,,,,,,,,,,,0,argos-doppler-shift,Balaenoptera physalus,89969,89969,Azores Great Whales Satellite Telemetry Program 
679432389,TRUE,05:31.0,-35.43157588,53.18053179,,,,,,,,,,,,,,,,,,,,,,,,,,0,argos-doppler-shift,Balaenoptera physalus,89969,89969,Azores Great Whales Satellite Telemetry Program 
679432390,TRUE,05:02.0,-35.64633936,53.31624867,,,,,,,,,,,,,,,,,,,,,,,,,,0,argos-doppler-shift,Balaenoptera physalus,89969,89969,Azores Great Whales Satellite Telemetry Program 
679432391,TRUE,04:33.0,-35.71899742,53.37015511,,,,,,,,,,,,,,,,,,,,,,,,,,0,argos-doppler-shift,Balaenoptera physalus,89969,89969,Azores Great Whales Satellite Telemetry Program 
679432392,TRUE,04:04.0,-35.7919898,53.4317174,,,,,,,,,,,,,,,,,,,,,,,,,,0,argos-doppler-shift,Balaenoptera physalus,89969,89969,Azores Great Whales Satellite Telemetry Program 
679432393,TRUE,03:35.0,-35.91878331,53.50693478,,,,,,,,,,,,,,,,,,,,,,,,,,0,argos-doppler-shift,Balaenoptera physalus,89969,89969,Azores Great Whales Satellite Telemetry Program 
679432394,TRUE,03:07.0,-36.11023834,53.6571427,,,,,,,,,,,,,,,,,,,,,,,,,,0,argos-doppler-shift,Balaenoptera physalus,89969,89969,Azores Great Whales Satellite Telemetry Program 
679432395,TRUE,02:38.0,-36.22541606,53.76190417,,,,,,,,,,,,,,,,,,,,,,,,,,0,argos-doppler-shift,Balaenoptera physalus,89969,89969,Azores Great Whales Satellite Telemetry Program 
679432396,TRUE,02:09.0,-36.36382469,53.84895972,,,,,,,,,,,,,,,,,,,,,,,,,,0,argos-doppler-shift,Balaenoptera physalus,89969,89969,Azores Great Whales Satellite Telemetry Program 
679432397,TRUE,01:40.0,-36.41229285,53.91295121,,,,,,,,,,,,,,,,,,,,,,,,,,0,argos-doppler-shift,Balaenoptera physalus,89969,89969,Azores Great Whales Satellite Telemetry Program 
679432398,TRUE,01:11.0,-36.49315036,54.0445163,,,,,,,,,,,,,,,,,,,,,,,,,,0,argos-doppler-shift,Balaenoptera physalus,89969,89969,Azores Great Whales Satellite Telemetry Program 
679432399,TRUE,00:43.0,-36.66695867,54.14662311,,,,,,,,,,,,,,,,,,,,,,,,,,0,argos-doppler-shift,Balaenoptera physalus,89969,89969,Azores Great Whales Satellite Telemetry Program 
679432400,TRUE,00:14.0,-36.81654741,54.2766622,,,,,,,,,,,,,,,,,,,,,,,,,,0,argos-doppler-shift,Balaenoptera physalus,89969,89969,Azores Great Whales Satellite Telemetry Program 
679432401,TRUE,59:45.0,-36.98477891,54.40773275,,,,,,,,,,,,,,,,,,,,,,,,,,0,argos-doppler-shift,Balaenoptera physalus,89969,89969,Azores Great Whales Satellite Telemetry Program 
679432402,TRUE,59:16.0,-37.05777184,54.48305744,,,,,,,,,,,,,,,,,,,,,,,,,,0,argos-doppler-shift,Balaenoptera physalus,89969,89969,Azores Great Whales Satellite Telemetry Program 
679432403,TRUE,58:47.0,-37.11159829,54.57152572,,,,,,,,,,,,,,,,,,,,,,,,,,0,argos-doppler-shift,Balaenoptera physalus,89969,89969,Azores Great Whales Satellite Telemetry Program 
679432404,TRUE,58:19.0,-37.18851018,54.66808744,,,,,,,,,,,,,,,,,,,,,,,,,,0,argos-doppler-shift,Balaenoptera physalus,89969,89969,Azores Great Whales Satellite Telemetry Program 
679432405,TRUE,57:50.0,-37.29182731,54.77665266,,,,,,,,,,,,,,,,,,,,,,,,,,0,argos-doppler-shift,Balaenoptera physalus,89969,89969,Azores Great Whales Satellite Telemetry Program 
679432406,TRUE,57:21.0,-37.41795592,54.85547552,,,,,,,,,,,,,,,,,,,,,,,,,,0,argos-doppler-shift,Balaenoptera physalus,89969,89969,Azores Great Whales Satellite Telemetry Program 
679432407,TRUE,56:52.0,-37.44179153,54.93043602,,,,,,,,,,,,,,,,,,,,,,,,,,0,argos-doppler-shift,Balaenoptera physalus,89969,89969,Azores Great Whales Satellite Telemetry Program 
679432408,TRUE,56:23.0,-37.51755587,55.03671683,,,,,,,,,,,,,,,,,,,,,,,,,,0,argos-doppler-shift,Balaenoptera physalus,89969,89969,Azores Great Whales Satellite Telemetry Program 
679432409,TRUE,55:55.0,-37.58136972,55.12214202,,,,,,,,,,,,,,,,,,,,,,,,,,0,argos-doppler-shift,Balaenoptera physalus,89969,89969,Azores Great Whales Satellite Telemetry Program 
679432410,TRUE,55:26.0,-37.67355098,55.23447851,,,,,,,,,,,,,,,,,,,,,,,,,,0,argos-doppler-shift,Balaenoptera physalus,89969,89969,Azores Great Whales Satellite Telemetry Program 
679432411,TRUE,54:57.0,-37.76904554,55.34656916,,,,,,,,,,,,,,,,,,,,,,,,,,0,argos-doppler-shift,Balaenoptera physalus,89969,89969,Azores Great Whales Satellite Telemetry Program 
679432412,TRUE,54:28.0,-37.79257798,55.43825297,,,,,,,,,,,,,,,,,,,,,,,,,,0,argos-doppler-shift,Balaenoptera physalus,89969,89969,Azores Great Whales Satellite Telemetry Program 
679432413,TRUE,53:59.0,-37.85799172,55.56073422,,,,,,,,,,,,,,,,,,,,,,,,,,0,argos-doppler-shift,Balaenoptera physalus,89969,89969,Azores Great Whales Satellite Telemetry Program 
679432414,TRUE,53:31.0,-37.87939698,55.65468915,,,,,,,,,,,,,,,,,,,,,,,,,,0,argos-doppler-shift,Balaenoptera physalus,89969,89969,Azores Great Whales Satellite Telemetry Program 
679432415,TRUE,53:02.0,-37.92031716,55.76651876,,,,,,,,,,,,,,,,,,,,,,,,,,0,argos-doppler-shift,Balaenoptera physalus,89969,89969,Azores Great Whales Satellite Telemetry Program 
679432416,TRUE,52:33.0,-37.95474888,55.87260432,,,,,,,,,,,,,,,,,,,,,,,,,,0,argos-doppler-shift,Balaenoptera physalus,89969,89969,Azores Great Whales Satellite Telemetry Program 
679432417,TRUE,52:04.0,-38.02198973,55.95898117,,,,,,,,,,,,,,,,,,,,,,,,,,0,argos-doppler-shift,Balaenoptera physalus,89969,89969,Azores Great Whales Satellite Telemetry Program 
679432418,TRUE,51:35.0,-38.20069684,56.06164849,,,,,,,,,,,,,,,,,,,,,,,,,,0,argos-doppler-shift,Balaenoptera physalus,89969,89969,Azores Great Whales Satellite Telemetry Program 
679432419,TRUE,51:07.0,-38.2514897,56.1716089,,,,,,,,,,,,,,,,,,,,,,,,,,0,argos-doppler-shift,Balaenoptera physalus,89969,89969,Azores Great Whales Satellite Telemetry Program 
679432420,TRUE,50:38.0,-38.33573446,56.29645141,,,,,,,,,,,,,,,,,,,,,,,,,,0,argos-doppler-shift,Balaenoptera physalus,89969,89969,Azores Great Whales Satellite Telemetry Program 
679432421,TRUE,50:09.0,-38.30523287,56.38841695,,,,,,,,,,,,,,,,,,,,,,,,,,0,argos-doppler-shift,Balaenoptera physalus,89969,89969,Azores Great Whales Satellite Telemetry Program 
679432422,TRUE,49:40.0,-38.34572001,56.48829885,,,,,,,,,,,,,,,,,,,,,,,,,,0,argos-doppler-shift,Balaenoptera physalus,89969,89969,Azores Great Whales Satellite Telemetry Program 
679432423,TRUE,49:11.0,-38.37461382,56.58252634,,,,,,,,,,,,,,,,,,,,,,,,,,0,argos-doppler-shift,Balaenoptera physalus,89969,89969,Azores Great Whales Satellite Telemetry Program 
679432424,TRUE,48:43.0,-38.43869166,56.68808051,,,,,,,,,,,,,,,,,,,,,,,,,,0,argos-doppler-shift,Balaenoptera physalus,89969,89969,Azores Great Whales Satellite Telemetry Program 
679432425,TRUE,48:14.0,-38.49542197,56.8146138,,,,,,,,,,,,,,,,,,,,,,,,,,0,argos-doppler-shift,Balaenoptera physalus,89969,89969,Azores Great Whales Satellite Telemetry Program 
679432426,TRUE,47:45.0,-38.58178169,56.91083922,,,,,,,,,,,,,,,,,,,,,,,,,,0,argos-doppler-shift,Balaenoptera physalus,89969,89969,Azores Great Whales Satellite Telemetry Program 
679432427,TRUE,47:16.0,-38.66472275,57.03110574,,,,,,,,,,,,,,,,,,,,,,,,,,0,argos-doppler-shift,Balaenoptera physalus,89969,89969,Azores Great Whales Satellite Telemetry Program 
679432428,TRUE,46:47.0,-38.71942563,57.1760291,,,,,,,,,,,,,,,,,,,,,,,,,,0,argos-doppler-shift,Balaenoptera physalus,89969,89969,Azores Great Whales Satellite Telemetry Program 
679432429,TRUE,46:19.0,-38.71235843,57.26705889,,,,,,,,,,,,,,,,,,,,,,,,,,0,argos-doppler-shift,Balaenoptera physalus,89969,89969,Azores Great Whales Satellite Telemetry Program 
679432430,TRUE,45:50.0,-38.75521003,57.25412673,,,,,,,,,,,,,,,,,,,,,,,,,,0,argos-doppler-shift,Balaenoptera physalus,89969,89969,Azores Great Whales Satellite Telemetry Program 
679432431,TRUE,45:21.0,-38.86171173,57.33641079,,,,,,,,,,,,,,,,,,,,,,,,,,0,argos-doppler-shift,Balaenoptera physalus,89969,89969,Azores Great Whales Satellite Telemetry Program 
679432432,TRUE,44:52.0,-38.8139423,57.28426601,,,,,,,,,,,,,,,,,,,,,,,,,,0,argos-doppler-shift,Balaenoptera physalus,89969,89969,Azores Great Whales Satellite Telemetry Program 
679432433,TRUE,44:23.0,-38.80976732,57.2864573,,,,,,,,,,,,,,,,,,,,,,,,,,0,argos-doppler-shift,Balaenoptera physalus,89969,89969,Azores Great Whales Satellite Telemetry Program 
679432434,TRUE,43:55.0,-38.75035184,57.34751253,,,,,,,,,,,,,,,,,,,,,,,,,,0,argos-doppler-shift,Balaenoptera physalus,89969,89969,Azores Great Whales Satellite Telemetry Program 
679432435,TRUE,43:26.0,-38.80243769,57.44340927,,,,,,,,,,,,,,,,,,,,,,,,,,0,argos-doppler-shift,Balaenoptera physalus,89969,89969,Azores Great Whales Satellite Telemetry Program 
679432436,TRUE,42:57.0,-38.86409601,57.55681771,,,,,,,,,,,,,,,,,,,,,,,,,,0,argos-doppler-shift,Balaenoptera physalus,89969,89969,Azores Great Whales Satellite Telemetry Program 
679432437,TRUE,42:28.0,-38.8035963,57.68769578,,,,,,,,,,,,,,,,,,,,,,,,,,0,argos-doppler-shift,Balaenoptera physalus,89969,89969,Azores Great Whales Satellite Telemetry Program 
679432438,TRUE,41:59.0,-38.78373731,57.77592952,,,,,,,,,,,,,,,,,,,,,,,,,,0,argos-doppler-shift,Balaenoptera physalus,89969,89969,Azores Great Whales Satellite Telemetry Program 
679432439,TRUE,41:31.0,-38.80646832,57.82528584,,,,,,,,,,,,,,,,,,,,,,,,,,0,argos-doppler-shift,Balaenoptera physalus,89969,89969,Azores Great Whales Satellite Telemetry Program 
679432440,TRUE,41:02.0,-38.78391376,57.86196423,,,,,,,,,,,,,,,,,,,,,,,,,,0,argos-doppler-shift,Balaenoptera physalus,89969,89969,Azores Great Whales Satellite Telemetry Program 
679432441,TRUE,40:33.0,-38.76123278,57.96712972,,,,,,,,,,,,,,,,,,,,,,,,,,0,argos-doppler-shift,Balaenoptera physalus,89969,89969,Azores Great Whales Satellite Telemetry Program 
679432442,TRUE,40:04.0,-38.73541563,58.07520749,,,,,,,,,,,,,,,,,,,,,,,,,,0,argos-doppler-shift,Balaenoptera physalus,89969,89969,Azores Great Whales Satellite Telemetry Program 
679432443,TRUE,39:35.0,-38.73198642,58.15680857,,,,,,,,,,,,,,,,,,,,,,,,,,0,argos-doppler-shift,Balaenoptera physalus,89969,89969,Azores Great Whales Satellite Telemetry Program 
679432444,TRUE,39:07.0,-38.8019901,58.27306502,,,,,,,,,,,,,,,,,,,,,,,,,,0,argos-doppler-shift,Balaenoptera physalus,89969,89969,Azores Great Whales Satellite Telemetry Program 
679432445,TRUE,38:38.0,-38.74065457,58.28645348,,,,,,,,,,,,,,,,,,,,,,,,,,1,argos-doppler-shift,Balaenoptera physalus,89969,89969,Azores Great Whales Satellite Telemetry Program 
679432446,TRUE,38:09.0,-38.79767872,58.27202657,,,,,,,,,,,,,,,,,,,,,,,,,,1,argos-doppler-shift,Balaenoptera physalus,89969,89969,Azores Great Whales Satellite Telemetry Program 
679432447,TRUE,37:40.0,-38.7038617,58.27863099,,,,,,,,,,,,,,,,,,,,,,,,,,1,argos-doppler-shift,Balaenoptera physalus,89969,89969,Azores Great Whales Satellite Telemetry Program 
679432448,TRUE,37:11.0,-38.73029868,58.28547625,,,,,,,,,,,,,,,,,,,,,,,,,,1,argos-doppler-shift,Balaenoptera physalus,89969,89969,Azores Great Whales Satellite Telemetry Program 
679432449,TRUE,36:43.0,-38.81900027,58.39478862,,,,,,,,,,,,,,,,,,,,,,,,,,1,argos-doppler-shift,Balaenoptera physalus,89969,89969,Azores Great Whales Satellite Telemetry Program 
679432450,TRUE,36:14.0,-38.84701477,58.40168528,,,,,,,,,,,,,,,,,,,,,,,,,,1,argos-doppler-shift,Balaenoptera physalus,89969,89969,Azores Great Whales Satellite Telemetry Program 
679432451,TRUE,35:45.0,-38.9092856,58.4516401,,,,,,,,,,,,,,,,,,,,,,,,,,1,argos-doppler-shift,Balaenoptera physalus,89969,89969,Azores Great Whales Satellite Telemetry Program 
679432452,TRUE,35:16.0,-38.79325714,58.38247896,,,,,,,,,,,,,,,,,,,,,,,,,,1,argos-doppler-shift,Balaenoptera physalus,89969,89969,Azores Great Whales Satellite Telemetry Program 
679432453,TRUE,34:47.0,-38.85253015,58.42868436,,,,,,,,,,,,,,,,,,,,,,,,,,1,argos-doppler-shift,Balaenoptera physalus,89969,89969,Azores Great Whales Satellite Telemetry Program 
679432454,TRUE,34:19.0,-38.91055504,58.52805423,,,,,,,,,,,,,,,,,,,,,,,,,,1,argos-doppler-shift,Balaenoptera physalus,89969,89969,Azores Great Whales Satellite Telemetry Program 
679432455,TRUE,33:50.0,-38.94300555,58.59930273,,,,,,,,,,,,,,,,,,,,,,,,,,1,argos-doppler-shift,Balaenoptera physalus,89969,89969,Azores Great Whales Satellite Telemetry Program 
679432456,TRUE,33:21.0,-39.01256659,58.67571009,,,,,,,,,,,,,,,,,,,,,,,,,,1,argos-doppler-shift,Balaenoptera physalus,89969,89969,Azores Great Whales Satellite Telemetry Program 
679432457,TRUE,32:52.0,-38.92987487,58.66927377,,,,,,,,,,,,,,,,,,,,,,,,,,1,argos-doppler-shift,Balaenoptera physalus,89969,89969,Azores Great Whales Satellite Telemetry Program 
679432458,TRUE,32:23.0,-38.96480819,58.6442132,,,,,,,,,,,,,,,,,,,,,,,,,,1,argos-doppler-shift,Balaenoptera physalus,89969,89969,Azores Great Whales Satellite Telemetry Program 
679432459,TRUE,31:55.0,-38.91678207,58.53558095,,,,,,,,,,,,,,,,,,,,,,,,,,1,argos-doppler-shift,Balaenoptera physalus,89969,89969,Azores Great Whales Satellite Telemetry Program 
679432460,TRUE,31:26.0,-38.9294846,58.47713049,,,,,,,,,,,,,,,,,,,,,,,,,,1,argos-doppler-shift,Balaenoptera physalus,89969,89969,Azores Great Whales Satellite Telemetry Program 
679432461,TRUE,30:57.0,-38.87141201,58.52832589,,,,,,,,,,,,,,,,,,,,,,,,,,1,argos-doppler-shift,Balaenoptera physalus,89969,89969,Azores Great Whales Satellite Telemetry Program 
679432462,TRUE,30:28.0,-38.8501798,58.51525679,,,,,,,,,,,,,,,,,,,,,,,,,,1,argos-doppler-shift,Balaenoptera physalus,89969,89969,Azores Great Whales Satellite Telemetry Program 
679432463,TRUE,29:59.0,-38.76988125,58.51515431,,,,,,,,,,,,,,,,,,,,,,,,,,1,argos-doppler-shift,Balaenoptera physalus,89969,89969,Azores Great Whales Satellite Telemetry Program 
679432464,TRUE,29:31.0,-38.88685119,58.57456551,,,,,,,,,,,,,,,,,,,,,,,,,,1,argos-doppler-shift,Balaenoptera physalus,89969,89969,Azores Great Whales Satellite Telemetry Program 
679432465,TRUE,29:02.0,-38.73340547,58.55638915,,,,,,,,,,,,,,,,,,,,,,,,,,1,argos-doppler-shift,Balaenoptera physalus,89969,89969,Azores Great Whales Satellite Telemetry Program 
679432466,TRUE,28:33.0,-38.69461891,58.63929096,,,,,,,,,,,,,,,,,,,,,,,,,,1,argos-doppler-shift,Balaenoptera physalus,89969,89969,Azores Great Whales Satellite Telemetry Program 
679432467,TRUE,28:04.0,-38.71249412,58.71253597,,,,,,,,,,,,,,,,,,,,,,,,,,0,argos-doppler-shift,Balaenoptera physalus,89969,89969,Azores Great Whales Satellite Telemetry Program 
679432468,TRUE,27:35.0,-38.67438827,58.74875718,,,,,,,,,,,,,,,,,,,,,,,,,,0,argos-doppler-shift,Balaenoptera physalus,89969,89969,Azores Great Whales Satellite Telemetry Program 
679432469,TRUE,27:07.0,-38.6885735,58.71823816,,,,,,,,,,,,,,,,,,,,,,,,,,0,argos-doppler-shift,Balaenoptera physalus,89969,89969,Azores Great Whales Satellite Telemetry Program 
679432470,TRUE,26:38.0,-38.80855004,58.67161174,,,,,,,,,,,,,,,,,,,,,,,,,,0,argos-doppler-shift,Balaenoptera physalus,89969,89969,Azores Great Whales Satellite Telemetry Program 
679432471,TRUE,26:09.0,-38.89961422,58.70340705,,,,,,,,,,,,,,,,,,,,,,,,,,0,argos-doppler-shift,Balaenoptera physalus,89969,89969,Azores Great Whales Satellite Telemetry Program 
679432472,TRUE,25:40.0,-39.01752809,58.66022993,,,,,,,,,,,,,,,,,,,,,,,,,,0,argos-doppler-shift,Balaenoptera physalus,89969,89969,Azores Great Whales Satellite Telemetry Program 
679432473,TRUE,25:11.0,-39.03689358,58.64088222,,,,,,,,,,,,,,,,,,,,,,,,,,0,argos-doppler-shift,Balaenoptera physalus,89969,89969,Azores Great Whales Satellite Telemetry Program 
679432474,TRUE,24:43.0,-39.08267274,58.56270745,,,,,,,,,,,,,,,,,,,,,,,,,,0,argos-doppler-shift,Balaenoptera physalus,89969,89969,Azores Great Whales Satellite Telemetry Program 
679432475,TRUE,24:14.0,-39.13213133,58.51912429,,,,,,,,,,,,,,,,,,,,,,,,,,0,argos-doppler-shift,Balaenoptera physalus,89969,89969,Azores Great Whales Satellite Telemetry Program 
679432476,TRUE,23:45.0,-39.13441444,58.63863109,,,,,,,,,,,,,,,,,,,,,,,,,,0,argos-doppler-shift,Balaenoptera physalus,89969,89969,Azores Great Whales Satellite Telemetry Program 
679432477,TRUE,23:16.0,-39.19047343,58.77058155,,,,,,,,,,,,,,,,,,,,,,,,,,0,argos-doppler-shift,Balaenoptera physalus,89969,89969,Azores Great Whales Satellite Telemetry Program 
679432478,TRUE,22:47.0,-39.28558691,58.83866336,,,,,,,,,,,,,,,,,,,,,,,,,,0,argos-doppler-shift,Balaenoptera physalus,89969,89969,Azores Great Whales Satellite Telemetry Program 
679432479,TRUE,22:19.0,-39.35150786,58.98545255,,,,,,,,,,,,,,,,,,,,,,,,,,0,argos-doppler-shift,Balaenoptera physalus,89969,89969,Azores Great Whales Satellite Telemetry Program 
679432480,TRUE,21:50.0,-39.40554482,59.07515611,,,,,,,,,,,,,,,,,,,,,,,,,,0,argos-doppler-shift,Balaenoptera physalus,89969,89969,Azores Great Whales Satellite Telemetry Program 
679432481,TRUE,21:21.0,-39.51391754,59.1402753,,,,,,,,,,,,,,,,,,,,,,,,,,0,argos-doppler-shift,Balaenoptera physalus,89969,89969,Azores Great Whales Satellite Telemetry Program 
679432482,TRUE,20:52.0,-39.53807982,59.15906766,,,,,,,,,,,,,,,,,,,,,,,,,,0,argos-doppler-shift,Balaenoptera physalus,89969,89969,Azores Great Whales Satellite Telemetry Program 
679432483,TRUE,20:23.0,-39.58556288,59.17942125,,,,,,,,,,,,,,,,,,,,,,,,,,0,argos-doppler-shift,Balaenoptera physalus,89969,89969,Azores Great Whales Satellite Telemetry Program 
679432484,TRUE,19:55.0,-39.49840238,59.24844281,,,,,,,,,,,,,,,,,,,,,,,,,,0,argos-doppler-shift,Balaenoptera physalus,89969,89969,Azores Great Whales Satellite Telemetry Program 
679432485,TRUE,19:26.0,-39.52595379,59.3186389,,,,,,,,,,,,,,,,,,,,,,,,,,0,argos-doppler-shift,Balaenoptera physalus,89969,89969,Azores Great Whales Satellite Telemetry Program 
679432486,TRUE,18:57.0,-39.59096924,59.3938661,,,,,,,,,,,,,,,,,,,,,,,,,,0,argos-doppler-shift,Balaenoptera physalus,89969,89969,Azores Great Whales Satellite Telemetry Program 
679432487,TRUE,18:28.0,-39.7394885,59.47800047,,,,,,,,,,,,,,,,,,,,,,,,,,0,argos-doppler-shift,Balaenoptera physalus,89969,89969,Azores Great Whales Satellite Telemetry Program 
679432488,TRUE,17:59.0,-39.74170597,59.50467988,,,,,,,,,,,,,,,,,,,,,,,,,,0,argos-doppler-shift,Balaenoptera physalus,89969,89969,Azores Great Whales Satellite Telemetry Program 
679432489,TRUE,17:31.0,-39.79140609,59.54533356,,,,,,,,,,,,,,,,,,,,,,,,,,0,argos-doppler-shift,Balaenoptera physalus,89969,89969,Azores Great Whales Satellite Telemetry Program 
679432490,TRUE,17:02.0,-39.84324078,59.53202111,,,,,,,,,,,,,,,,,,,,,,,,,,0,argos-doppler-shift,Balaenoptera physalus,89969,89969,Azores Great Whales Satellite Telemetry Program 
679432491,TRUE,16:33.0,-39.8413392,59.55431311,,,,,,,,,,,,,,,,,,,,,,,,,,0,argos-doppler-shift,Balaenoptera physalus,89969,89969,Azores Great Whales Satellite Telemetry Program 
679432492,TRUE,16:04.0,-39.76470315,59.5498507,,,,,,,,,,,,,,,,,,,,,,,,,,0,argos-doppler-shift,Balaenoptera physalus,89969,89969,Azores Great Whales Satellite Telemetry Program 
679432493,TRUE,15:35.0,-39.71175416,59.55186971,,,,,,,,,,,,,,,,,,,,,,,,,,0,argos-doppler-shift,Balaenoptera physalus,89969,89969,Azores Great Whales Satellite Telemetry Program 
679432494,TRUE,15:07.0,-39.68668895,59.50035934,,,,,,,,,,,,,,,,,,,,,,,,,,0,argos-doppler-shift,Balaenoptera physalus,89969,89969,Azores Great Whales Satellite Telemetry Program 
679432495,TRUE,14:38.0,-39.78213809,59.53253169,,,,,,,,,,,,,,,,,,,,,,,,,,0,argos-doppler-shift,Balaenoptera physalus,89969,89969,Azores Great Whales Satellite Telemetry Program 
679432496,TRUE,14:09.0,-39.75053011,59.52344744,,,,,,,,,,,,,,,,,,,,,,,,,,0,argos-doppler-shift,Balaenoptera physalus,89969,89969,Azores Great Whales Satellite Telemetry Program 
679432497,TRUE,13:40.0,-39.71009996,59.51940761,,,,,,,,,,,,,,,,,,,,,,,,,,0,argos-doppler-shift,Balaenoptera physalus,89969,89969,Azores Great Whales Satellite Telemetry Program 
679432498,TRUE,13:11.0,-39.75898883,59.5291831,,,,,,,,,,,,,,,,,,,,,,,,,,0,argos-doppler-shift,Balaenoptera physalus,89969,89969,Azores Great Whales Satellite Telemetry Program 
679432499,TRUE,12:43.0,-39.81778939,59.57878985,,,,,,,,,,,,,,,,,,,,,,,,,,0,argos-doppler-shift,Balaenoptera physalus,89969,89969,Azores Great Whales Satellite Telemetry Program 
679432500,TRUE,12:14.0,-39.98305639,59.68481611,,,,,,,,,,,,,,,,,,,,,,,,,,0,argos-doppler-shift,Balaenoptera physalus,89969,89969,Azores Great Whales Satellite Telemetry Program 
679432501,TRUE,11:45.0,-40.07481653,59.73748443,,,,,,,,,,,,,,,,,,,,,,,,,,0,argos-doppler-shift,Balaenoptera physalus,89969,89969,Azores Great Whales Satellite Telemetry Program 
679432502,TRUE,11:16.0,-40.19063682,59.81619394,,,,,,,,,,,,,,,,,,,,,,,,,,0,argos-doppler-shift,Balaenoptera physalus,89969,89969,Azores Great Whales Satellite Telemetry Program 
679432503,TRUE,10:47.0,-40.34053808,59.85244547,,,,,,,,,,,,,,,,,,,,,,,,,,0,argos-doppler-shift,Balaenoptera physalus,89969,89969,Azores Great Whales Satellite Telemetry Program 
679432504,TRUE,10:19.0,-40.32482733,59.85076416,,,,,,,,,,,,,,,,,,,,,,,,,,0,argos-doppler-shift,Balaenoptera physalus,89969,89969,Azores Great Whales Satellite Telemetry Program 
679432505,TRUE,09:50.0,-40.2275164,59.84859588,,,,,,,,,,,,,,,,,,,,,,,,,,0,argos-doppler-shift,Balaenoptera physalus,89969,89969,Azores Great Whales Satellite Telemetry Program 
679432506,TRUE,09:21.0,-40.28957456,59.81987609,,,,,,,,,,,,,,,,,,,,,,,,,,0,argos-doppler-shift,Balaenoptera physalus,89969,89969,Azores Great Whales Satellite Telemetry Program 
679432507,TRUE,08:52.0,-40.33860352,59.86523484,,,,,,,,,,,,,,,,,,,,,,,,,,0,argos-doppler-shift,Balaenoptera physalus,89969,89969,Azores Great Whales Satellite Telemetry Program 
679432508,TRUE,08:23.0,-40.50332313,59.98750269,,,,,,,,,,,,,,,,,,,,,,,,,,0,argos-doppler-shift,Balaenoptera physalus,89969,89969,Azores Great Whales Satellite Telemetry Program 
679432509,TRUE,07:55.0,-40.6981878,60.06159037,,,,,,,,,,,,,,,,,,,,,,,,,,0,argos-doppler-shift,Balaenoptera physalus,89969,89969,Azores Great Whales Satellite Telemetry Program 
679432510,TRUE,07:26.0,-40.76842672,60.1712599,,,,,,,,,,,,,,,,,,,,,,,,,,0,argos-doppler-shift,Balaenoptera physalus,89969,89969,Azores Great Whales Satellite Telemetry Program 
679432511,TRUE,06:57.0,-40.79860328,60.27723543,,,,,,,,,,,,,,,,,,,,,,,,,,0,argos-doppler-shift,Balaenoptera physalus,89969,89969,Azores Great Whales Satellite Telemetry Program 
679432512,TRUE,06:28.0,-40.91704309,60.43263697,,,,,,,,,,,,,,,,,,,,,,,,,,0,argos-doppler-shift,Balaenoptera physalus,89969,89969,Azores Great Whales Satellite Telemetry Program 
679432513,TRUE,05:59.0,-41.01883776,60.55034265,,,,,,,,,,,,,,,,,,,,,,,,,,0,argos-doppler-shift,Balaenoptera physalus,89969,89969,Azores Great Whales Satellite Telemetry Program 
679432514,TRUE,05:31.0,-41.0150541,60.55913881,,,,,,,,,,,,,,,,,,,,,,,,,,0,argos-doppler-shift,Balaenoptera physalus,89969,89969,Azores Great Whales Satellite Telemetry Program 
679432515,TRUE,05:02.0,-41.09363733,60.65032712,,,,,,,,,,,,,,,,,,,,,,,,,,0,argos-doppler-shift,Balaenoptera physalus,89969,89969,Azores Great Whales Satellite Telemetry Program 
679432516,TRUE,04:33.0,-41.266769,60.74992918,,,,,,,,,,,,,,,,,,,,,,,,,,0,argos-doppler-shift,Balaenoptera physalus,89969,89969,Azores Great Whales Satellite Telemetry Program 
679432517,TRUE,04:04.0,-41.43280138,60.83019613,,,,,,,,,,,,,,,,,,,,,,,,,,0,argos-doppler-shift,Balaenoptera physalus,89969,89969,Azores Great Whales Satellite Telemetry Program 
679432518,TRUE,03:35.0,-41.57527945,60.89311409,,,,,,,,,,,,,,,,,,,,,,,,,,0,argos-doppler-shift,Balaenoptera physalus,89969,89969,Azores Great Whales Satellite Telemetry Program 
679432519,TRUE,03:07.0,-41.72367705,60.96547414,,,,,,,,,,,,,,,,,,,,,,,,,,0,argos-doppler-shift,Balaenoptera physalus,89969,89969,Azores Great Whales Satellite Telemetry Program 
679432520,TRUE,02:38.0,-41.82090808,61.10238824,,,,,,,,,,,,,,,,,,,,,,,,,,0,argos-doppler-shift,Balaenoptera physalus,89969,89969,Azores Great Whales Satellite Telemetry Program 
679432521,TRUE,02:09.0,-41.8618945,61.20504221,,,,,,,,,,,,,,,,,,,,,,,,,,0,argos-doppler-shift,Balaenoptera physalus,89969,89969,Azores Great Whales Satellite Telemetry Program 
679432522,TRUE,01:40.0,-41.64760222,61.36756046,,,,,,,,,,,,,,,,,,,,,,,,,,0,argos-doppler-shift,Balaenoptera physalus,89969,89969,Azores Great Whales Satellite Telemetry Program 
679432523,TRUE,01:11.0,-41.35707696,61.44011645,,,,,,,,,,,,,,,,,,,,,,,,,,0,argos-doppler-shift,Balaenoptera physalus,89969,89969,Azores Great Whales Satellite Telemetry Program 
679432524,TRUE,00:43.0,-41.16957313,61.51492377,,,,,,,,,,,,,,,,,,,,,,,,,,0,argos-doppler-shift,Balaenoptera physalus,89969,89969,Azores Great Whales Satellite Telemetry Program 
679432525,TRUE,00:14.0,-41.07681699,61.64768956,,,,,,,,,,,,,,,,,,,,,,,,,,0,argos-doppler-shift,Balaenoptera physalus,89969,89969,Azores Great Whales Satellite Telemetry Program 
679432526,TRUE,59:45.0,-41.16632818,61.74186193,,,,,,,,,,,,,,,,,,,,,,,,,,0,argos-doppler-shift,Balaenoptera physalus,89969,89969,Azores Great Whales Satellite Telemetry Program 
679432527,TRUE,59:16.0,-41.09868711,61.84151461,,,,,,,,,,,,,,,,,,,,,,,,,,0,argos-doppler-shift,Balaenoptera physalus,89969,89969,Azores Great Whales Satellite Telemetry Program 
679432528,TRUE,58:47.0,-41.01695357,61.94220876,,,,,,,,,,,,,,,,,,,,,,,,,,0,argos-doppler-shift,Balaenoptera physalus,89969,89969,Azores Great Whales Satellite Telemetry Program 
679432529,TRUE,58:19.0,-40.99288395,62.07128535,,,,,,,,,,,,,,,,,,,,,,,,,,0,argos-doppler-shift,Balaenoptera physalus,89969,89969,Azores Great Whales Satellite Telemetry Program 
679432530,TRUE,57:50.0,-41.18491937,62.1945279,,,,,,,,,,,,,,,,,,,,,,,,,,0,argos-doppler-shift,Balaenoptera physalus,89969,89969,Azores Great Whales Satellite Telemetry Program 
679432531,TRUE,57:21.0,-41.24316975,62.22156585,,,,,,,,,,,,,,,,,,,,,,,,,,0,argos-doppler-shift,Balaenoptera physalus,89969,89969,Azores Great Whales Satellite Telemetry Program 
679432532,TRUE,56:52.0,-41.22972076,62.21202256,,,,,,,,,,,,,,,,,,,,,,,,,,0,argos-doppler-shift,Balaenoptera physalus,89969,89969,Azores Great Whales Satellite Telemetry Program 
679432533,TRUE,56:23.0,-41.30210475,62.286851,,,,,,,,,,,,,,,,,,,,,,,,,,0,argos-doppler-shift,Balaenoptera physalus,89969,89969,Azores Great Whales Satellite Telemetry Program 
679432534,TRUE,55:55.0,-41.1396358,62.27304692,,,,,,,,,,,,,,,,,,,,,,,,,,0,argos-doppler-shift,Balaenoptera physalus,89969,89969,Azores Great Whales Satellite Telemetry Program 
679432535,TRUE,55:26.0,-40.9333897,62.31836028,,,,,,,,,,,,,,,,,,,,,,,,,,0,argos-doppler-shift,Balaenoptera physalus,89969,89969,Azores Great Whales Satellite Telemetry Program 
679432536,TRUE,54:57.0,-40.75563343,62.44223553,,,,,,,,,,,,,,,,,,,,,,,,,,0,argos-doppler-shift,Balaenoptera physalus,89969,89969,Azores Great Whales Satellite Telemetry Program 
679432537,TRUE,54:28.0,-40.61725966,62.58761361,,,,,,,,,,,,,,,,,,,,,,,,,,0,argos-doppler-shift,Balaenoptera physalus,89969,89969,Azores Great Whales Satellite Telemetry Program 
679432538,TRUE,53:59.0,-40.53803107,62.68995359,,,,,,,,,,,,,,,,,,,,,,,,,,0,argos-doppler-shift,Balaenoptera physalus,89969,89969,Azores Great Whales Satellite Telemetry Program 
679432539,TRUE,53:31.0,-40.58000626,62.81645809,,,,,,,,,,,,,,,,,,,,,,,,,,0,argos-doppler-shift,Balaenoptera physalus,89969,89969,Azores Great Whales Satellite Telemetry Program 
679432540,TRUE,53:02.0,-40.53927229,62.93101412,,,,,,,,,,,,,,,,,,,,,,,,,,0,argos-doppler-shift,Balaenoptera physalus,89969,89969,Azores Great Whales Satellite Telemetry Program 
679432541,TRUE,52:33.0,-40.54859384,63.04315225,,,,,,,,,,,,,,,,,,,,,,,,,,0,argos-doppler-shift,Balaenoptera physalus,89969,89969,Azores Great Whales Satellite Telemetry Program 
679432542,TRUE,52:04.0,-40.61324599,63.13319798,,,,,,,,,,,,,,,,,,,,,,,,,,0,argos-doppler-shift,Balaenoptera physalus,89969,89969,Azores Great Whales Satellite Telemetry Program 
679432543,TRUE,51:35.0,-40.38217093,63.20393852,,,,,,,,,,,,,,,,,,,,,,,,,,0,argos-doppler-shift,Balaenoptera physalus,89969,89969,Azores Great Whales Satellite Telemetry Program 
679432544,TRUE,51:07.0,-40.15420931,63.30945968,,,,,,,,,,,,,,,,,,,,,,,,,,0,argos-doppler-shift,Balaenoptera physalus,89969,89969,Azores Great Whales Satellite Telemetry Program 
679432545,TRUE,50:38.0,-39.89893862,63.39265448,,,,,,,,,,,,,,,,,,,,,,,,,,0,argos-doppler-shift,Balaenoptera physalus,89969,89969,Azores Great Whales Satellite Telemetry Program 
679432546,TRUE,50:09.0,-39.54919524,63.47529509,,,,,,,,,,,,,,,,,,,,,,,,,,0,argos-doppler-shift,Balaenoptera physalus,89969,89969,Azores Great Whales Satellite Telemetry Program 
679432547,TRUE,49:40.0,-39.24658212,63.59300796,,,,,,,,,,,,,,,,,,,,,,,,,,0,argos-doppler-shift,Balaenoptera physalus,89969,89969,Azores Great Whales Satellite Telemetry Program 
679432548,TRUE,49:11.0,-39.09365001,63.70874637,,,,,,,,,,,,,,,,,,,,,,,,,,0,argos-doppler-shift,Balaenoptera physalus,89969,89969,Azores Great Whales Satellite Telemetry Program 
679432549,TRUE,48:43.0,-39.27437432,63.75298213,,,,,,,,,,,,,,,,,,,,,,,,,,0,argos-doppler-shift,Balaenoptera physalus,89969,89969,Azores Great Whales Satellite Telemetry Program 
679432550,TRUE,48:14.0,-39.68162906,63.85373882,,,,,,,,,,,,,,,,,,,,,,,,,,0,argos-doppler-shift,Balaenoptera physalus,89969,89969,Azores Great Whales Satellite Telemetry Program 
679432551,TRUE,47:45.0,-39.69205696,63.90883708,,,,,,,,,,,,,,,,,,,,,,,,,,0,argos-doppler-shift,Balaenoptera physalus,89969,89969,Azores Great Whales Satellite Telemetry Program 
679432552,TRUE,47:16.0,-39.40579383,63.98588771,,,,,,,,,,,,,,,,,,,,,,,,,,0,argos-doppler-shift,Balaenoptera physalus,89969,89969,Azores Great Whales Satellite Telemetry Program 
679432553,TRUE,46:47.0,-39.25496912,64.08069783,,,,,,,,,,,,,,,,,,,,,,,,,,0,argos-doppler-shift,Balaenoptera physalus,89969,89969,Azores Great Whales Satellite Telemetry Program 
679432554,TRUE,46:19.0,-39.11622782,64.09977753,,,,,,,,,,,,,,,,,,,,,,,,,,1,argos-doppler-shift,Balaenoptera physalus,89969,89969,Azores Great Whales Satellite Telemetry Program 
679432555,TRUE,45:50.0,-39.16991325,64.13184807,,,,,,,,,,,,,,,,,,,,,,,,,,1,argos-doppler-shift,Balaenoptera physalus,89969,89969,Azores Great Whales Satellite Telemetry Program 
679432556,TRUE,45:21.0,-39.13876839,64.13076805,,,,,,,,,,,,,,,,,,,,,,,,,,1,argos-doppler-shift,Balaenoptera physalus,89969,89969,Azores Great Whales Satellite Telemetry Program 
679432557,TRUE,44:52.0,-39.12866351,64.12913173,,,,,,,,,,,,,,,,,,,,,,,,,,1,argos-doppler-shift,Balaenoptera physalus,89969,89969,Azores Great Whales Satellite Telemetry Program 
679432558,TRUE,44:23.0,-39.23558443,64.11871938,,,,,,,,,,,,,,,,,,,,,,,,,,1,argos-doppler-shift,Balaenoptera physalus,89969,89969,Azores Great Whales Satellite Telemetry Program 
679432559,TRUE,43:55.0,-39.18408874,64.11708152,,,,,,,,,,,,,,,,,,,,,,,,,,1,argos-doppler-shift,Balaenoptera physalus,89969,89969,Azores Great Whales Satellite Telemetry Program 
679432560,TRUE,43:26.0,-38.99288808,64.12664255,,,,,,,,,,,,,,,,,,,,,,,,,,1,argos-doppler-shift,Balaenoptera physalus,89969,89969,Azores Great Whales Satellite Telemetry Program 
679432561,TRUE,42:57.0,-39.22331116,64.09724722,,,,,,,,,,,,,,,,,,,,,,,,,,1,argos-doppler-shift,Balaenoptera physalus,89969,89969,Azores Great Whales Satellite Telemetry Program 
679432562,TRUE,42:28.0,-39.21792156,64.10529252,,,,,,,,,,,,,,,,,,,,,,,,,,1,argos-doppler-shift,Balaenoptera physalus,89969,89969,Azores Great Whales Satellite Telemetry Program 
679432563,TRUE,41:59.0,-39.26711755,64.07997469,,,,,,,,,,,,,,,,,,,,,,,,,,1,argos-doppler-shift,Balaenoptera physalus,89969,89969,Azores Great Whales Satellite Telemetry Program 
679432564,TRUE,41:31.0,-39.21595446,64.09121773,,,,,,,,,,,,,,,,,,,,,,,,,,1,argos-doppler-shift,Balaenoptera physalus,89969,89969,Azores Great Whales Satellite Telemetry Program 
679432565,TRUE,41:02.0,-39.30933333,64.07789519,,,,,,,,,,,,,,,,,,,,,,,,,,1,argos-doppler-shift,Balaenoptera physalus,89969,89969,Azores Great Whales Satellite Telemetry Program 
679432566,TRUE,40:33.0,-39.25803742,64.06808301,,,,,,,,,,,,,,,,,,,,,,,,,,0,argos-doppler-shift,Balaenoptera physalus,89969,89969,Azores Great Whales Satellite Telemetry Program 
679432567,TRUE,40:04.0,-39.20437785,64.15342026,,,,,,,,,,,,,,,,,,,,,,,,,,0,argos-doppler-shift,Balaenoptera physalus,89969,89969,Azores Great Whales Satellite Telemetry Program 
679432568,TRUE,39:35.0,-39.07329148,64.25765331,,,,,,,,,,,,,,,,,,,,,,,,,,0,argos-doppler-shift,Balaenoptera physalus,89969,89969,Azores Great Whales Satellite Telemetry Program 
679432569,TRUE,39:07.0,-38.93261248,64.3334727,,,,,,,,,,,,,,,,,,,,,,,,,,0,argos-doppler-shift,Balaenoptera physalus,89969,89969,Azores Great Whales Satellite Telemetry Program 
679432570,TRUE,38:38.0,-38.81145709,64.42401669,,,,,,,,,,,,,,,,,,,,,,,,,,0,argos-doppler-shift,Balaenoptera physalus,89969,89969,Azores Great Whales Satellite Telemetry Program 
679432571,TRUE,38:09.0,-38.69419698,64.47006243,,,,,,,,,,,,,,,,,,,,,,,,,,1,argos-doppler-shift,Balaenoptera physalus,89969,89969,Azores Great Whales Satellite Telemetry Program 
679432572,TRUE,37:40.0,-38.86379908,64.37170749,,,,,,,,,,,,,,,,,,,,,,,,,,1,argos-doppler-shift,Balaenoptera physalus,89969,89969,Azores Great Whales Satellite Telemetry Program 
679432573,TRUE,37:11.0,-38.7903971,64.41542768,,,,,,,,,,,,,,,,,,,,,,,,,,1,argos-doppler-shift,Balaenoptera physalus,89969,89969,Azores Great Whales Satellite Telemetry Program 
679432574,TRUE,36:43.0,-38.70781544,64.39737506,,,,,,,,,,,,,,,,,,,,,,,,,,1,argos-doppler-shift,Balaenoptera physalus,89969,89969,Azores Great Whales Satellite Telemetry Program 
679432575,TRUE,36:14.0,-38.84846836,64.51704427,,,,,,,,,,,,,,,,,,,,,,,,,,1,argos-doppler-shift,Balaenoptera physalus,89969,89969,Azores Great Whales Satellite Telemetry Program 
679432576,TRUE,35:45.0,-38.78432259,64.55312308,,,,,,,,,,,,,,,,,,,,,,,,,,1,argos-doppler-shift,Balaenoptera physalus,89969,89969,Azores Great Whales Satellite Telemetry Program 
679432577,TRUE,35:16.0,-38.89022288,64.56634578,,,,,,,,,,,,,,,,,,,,,,,,,,1,argos-doppler-shift,Balaenoptera physalus,89969,89969,Azores Great Whales Satellite Telemetry Program 
679432578,TRUE,34:47.0,-38.86399898,64.62211673,,,,,,,,,,,,,,,,,,,,,,,,,,1,argos-doppler-shift,Balaenoptera physalus,89969,89969,Azores Great Whales Satellite Telemetry Program 
679432579,TRUE,34:19.0,-38.86856171,64.61760642,,,,,,,,,,,,,,,,,,,,,,,,,,0,argos-doppler-shift,Balaenoptera physalus,89969,89969,Azores Great Whales Satellite Telemetry Program 
679432580,TRUE,33:50.0,-38.93896358,64.59401335,,,,,,,,,,,,,,,,,,,,,,,,,,0,argos-doppler-shift,Balaenoptera physalus,89969,89969,Azores Great Whales Satellite Telemetry Program 
679432581,TRUE,33:21.0,-38.96043229,64.58073042,,,,,,,,,,,,,,,,,,,,,,,,,,0,argos-doppler-shift,Balaenoptera physalus,89969,89969,Azores Great Whales Satellite Telemetry Program 
679432582,TRUE,32:52.0,-38.83794252,64.55863239,,,,,,,,,,,,,,,,,,,,,,,,,,0,argos-doppler-shift,Balaenoptera physalus,89969,89969,Azores Great Whales Satellite Telemetry Program 
679432583,TRUE,32:23.0,-38.72255682,64.52590833,,,,,,,,,,,,,,,,,,,,,,,,,,0,argos-doppler-shift,Balaenoptera physalus,89969,89969,Azores Great Whales Satellite Telemetry Program 
679432584,TRUE,31:55.0,-38.66196521,64.54389678,,,,,,,,,,,,,,,,,,,,,,,,,,0,argos-doppler-shift,Balaenoptera physalus,89969,89969,Azores Great Whales Satellite Telemetry Program 
679432585,TRUE,31:26.0,-38.61913842,64.6600918,,,,,,,,,,,,,,,,,,,,,,,,,,0,argos-doppler-shift,Balaenoptera physalus,89969,89969,Azores Great Whales Satellite Telemetry Program 
679432586,TRUE,30:57.0,-38.5007018,64.72401195,,,,,,,,,,,,,,,,,,,,,,,,,,0,argos-doppler-shift,Balaenoptera physalus,89969,89969,Azores Great Whales Satellite Telemetry Program 
679432587,TRUE,30:28.0,-38.39095909,64.7756796,,,,,,,,,,,,,,,,,,,,,,,,,,0,argos-doppler-shift,Balaenoptera physalus,89969,89969,Azores Great Whales Satellite Telemetry Program 
679432588,TRUE,29:59.0,-38.2514288,64.83037141,,,,,,,,,,,,,,,,,,,,,,,,,,0,argos-doppler-shift,Balaenoptera physalus,89969,89969,Azores Great Whales Satellite Telemetry Program 
679432589,TRUE,29:31.0,-38.10706097,64.89199732,,,,,,,,,,,,,,,,,,,,,,,,,,0,argos-doppler-shift,Balaenoptera physalus,89969,89969,Azores Great Whales Satellite Telemetry Program 
679432590,TRUE,29:02.0,-37.95358573,64.99156946,,,,,,,,,,,,,,,,,,,,,,,,,,0,argos-doppler-shift,Balaenoptera physalus,89969,89969,Azores Great Whales Satellite Telemetry Program 
679432591,TRUE,28:33.0,-37.86015731,65.07271795,,,,,,,,,,,,,,,,,,,,,,,,,,0,argos-doppler-shift,Balaenoptera physalus,89969,89969,Azores Great Whales Satellite Telemetry Program 
679432592,TRUE,28:04.0,-37.81206511,65.1160062,,,,,,,,,,,,,,,,,,,,,,,,,,0,argos-doppler-shift,Balaenoptera physalus,89969,89969,Azores Great Whales Satellite Telemetry Program 
679432593,TRUE,27:35.0,-38.03212736,65.23692382,,,,,,,,,,,,,,,,,,,,,,,,,,0,argos-doppler-shift,Balaenoptera physalus,89969,89969,Azores Great Whales Satellite Telemetry Program 
679432594,TRUE,27:07.0,-38.02062188,65.23752988,,,,,,,,,,,,,,,,,,,,,,,,,,0,argos-doppler-shift,Balaenoptera physalus,89969,89969,Azores Great Whales Satellite Telemetry Program 
679432595,TRUE,26:38.0,-37.9259491,65.2368677,,,,,,,,,,,,,,,,,,,,,,,,,,0,argos-doppler-shift,Balaenoptera physalus,89969,89969,Azores Great Whales Satellite Telemetry Program 
679432596,TRUE,26:09.0,-37.80440336,65.25480405,,,,,,,,,,,,,,,,,,,,,,,,,,0,argos-doppler-shift,Balaenoptera physalus,89969,89969,Azores Great Whales Satellite Telemetry Program 
679432597,TRUE,25:40.0,-37.54691078,65.31846965,,,,,,,,,,,,,,,,,,,,,,,,,,0,argos-doppler-shift,Balaenoptera physalus,89969,89969,Azores Great Whales Satellite Telemetry Program 
679432598,TRUE,25:11.0,-37.22185756,65.36550844,6/13/2010 5:25,,,,,,,,,,,,,,,,,,,,,,,,,0,argos-doppler-shift,Balaenoptera physalus,89969,89969,Azores Great Whales Satellite Telemetry Program 
